-- phpMyAdmin SQL Dump
-- version 4.9.0.1
-- https://www.phpmyadmin.net/
--
-- Host: localhost:3306
-- Generation Time: Apr 01, 2020 at 04:38 AM
-- Server version: 5.5.64-MariaDB
-- PHP Version: 7.1.14

SET SQL_MODE = "NO_AUTO_VALUE_ON_ZERO";
SET AUTOCOMMIT = 0;
START TRANSACTION;
SET time_zone = "+00:00";


/*!40101 SET @OLD_CHARACTER_SET_CLIENT=@@CHARACTER_SET_CLIENT */;
/*!40101 SET @OLD_CHARACTER_SET_RESULTS=@@CHARACTER_SET_RESULTS */;
/*!40101 SET @OLD_COLLATION_CONNECTION=@@COLLATION_CONNECTION */;
/*!40101 SET NAMES utf8mb4 */;

--
-- Database: `dashboard`
--

-- --------------------------------------------------------

--
-- Table structure for table `admins`
--

CREATE TABLE `admins` (
  `id` int(11) NOT NULL,
  `name` varchar(255) NOT NULL,
  `email` varchar(255) NOT NULL,
  `created_at` timestamp NULL DEFAULT CURRENT_TIMESTAMP,
  `updated_at` timestamp NULL DEFAULT NULL,
  `password` varchar(255) NOT NULL,
  `add_data` tinyint(1) NOT NULL DEFAULT '0',
  `update_data` tinyint(1) NOT NULL DEFAULT '0',
  `delete_data` tinyint(1) NOT NULL DEFAULT '0'
) ENGINE=InnoDB DEFAULT CHARSET=ucs2;

--
-- Dumping data for table `admins`
--

INSERT INTO `admins` (`id`, `name`, `email`, `created_at`, `updated_at`, `password`, `add_data`, `update_data`, `delete_data`) VALUES
(1, 'Super Admin', 'admin@admin.com', '2020-02-19 08:44:50', '2020-02-24 14:06:28', '$2y$10$IQ8M6C.879gvIw54Y08.N.D5ATolN9AktgFXBvAlTBxXE5PzRmd5G', 1, 1, 1),
(3, 'manager33', 'admin@admin3.com', '2020-02-19 10:50:31', '2020-02-19 11:06:12', '$2y$10$Ui0gZLEUy6YarW7okzvNgeBsoLfu4h2CndJkPLnZbu2Tcn9AfkQle', 0, 0, 0),
(4, 'test name', 'admin22@admin.com', '2020-02-19 12:43:40', '2020-02-19 12:43:40', '$2y$10$/7h98VQ0XrGgZ14TXiZn4OHMTmrWKoUykt1x5Q6o7h2Kdylo6k/CG', 0, 0, 0),
(5, 'manager4', 'manager@manager.co', '2020-02-19 13:00:00', '2020-02-19 13:00:00', '$2y$10$MHvXZVU8iSMTUhXtO4t8h.JuA80GcGADmmtMyp02DvI7hG5w7wtgi', 0, 0, 0),
(6, 'sadsa', 'asda@hgh.com', '2020-02-19 13:01:11', '2020-02-19 13:01:11', '$2y$10$861HYnfj/D68ZmEFBbaXqOpC7VegdABOBswCG1S00bc9I4HTtY5X.', 0, 0, 0),
(7, 'manager Name', 'manager@man.com', '2020-02-19 13:05:12', '2020-02-19 13:05:12', '$2y$10$dJiHXbxdeQeZk1PGVHEV7.pRrUT.sL7KOXrD4nfXItaOqh8qA1dXa', 0, 0, 0),
(8, 'Admin With Permition', 'admin@admin18.com', '2020-02-19 13:25:11', '2020-02-19 13:25:11', '$2y$10$2rELqWaPoWf/qFmOFiKYn.cCuOVQauWRe.MfKBZUk2jnT2aTtTK2m', 0, 0, 0),
(9, 'test', 'test@test.com', '2020-02-20 05:30:10', '2020-02-20 05:30:10', '$2y$10$7fHeRr886MOh.5E/2AoSTOI3nD9UpmHoIFG1tRbASiLfEk5XZT48O', 0, 0, 0),
(10, 'Admin Tested', 'tested@gmail.com', '2020-02-20 07:17:27', '2020-02-20 07:17:27', '$2y$10$B3TkLlv/T42Z//vMUuSYauAGEk44ae9JDNirmUZwyQ8xbkkzSzPpm', 0, 0, 0),
(11, 'Admin', 'admin28@admin.com', '2020-02-24 08:54:51', '2020-02-24 08:54:51', '$2y$10$tIjEcMcLtdoe5mjscdQrKOvm0rnhwVYpubw/MyBEliDPJQC1HfG2W', 0, 0, 0),
(12, 'gfgf', 'fdf@gh.vom', '2020-02-24 09:01:18', '2020-02-24 09:12:40', '$2y$10$eY.gEsu.8ule1zgs1Pfw1u7gnMKDC5wo.W7MfEj3zQmoD9zPeqGUS', 0, 1, 1);

-- --------------------------------------------------------

--
-- Table structure for table `admin_permissions`
--

CREATE TABLE `admin_permissions` (
  `id` int(11) NOT NULL,
  `admin_id` int(11) NOT NULL,
  `permission_id` int(11) NOT NULL,
  `created_at` timestamp NULL DEFAULT NULL,
  `updated_at` timestamp NULL DEFAULT NULL
) ENGINE=InnoDB DEFAULT CHARSET=ucs2;

--
-- Dumping data for table `admin_permissions`
--

INSERT INTO `admin_permissions` (`id`, `admin_id`, `permission_id`, `created_at`, `updated_at`) VALUES
(27, 8, 1, '2020-02-20 07:16:53', '2020-02-20 07:16:53'),
(28, 8, 4, '2020-02-20 07:16:53', '2020-02-20 07:16:53'),
(29, 8, 5, '2020-02-20 07:16:53', '2020-02-20 07:16:53'),
(30, 8, 8, '2020-02-20 07:16:53', '2020-02-20 07:16:53'),
(31, 8, 9, '2020-02-20 07:16:53', '2020-02-20 07:16:53'),
(61, 10, 4, '2020-02-20 10:39:07', '2020-02-20 10:39:07'),
(62, 10, 5, '2020-02-20 10:39:07', '2020-02-20 10:39:07'),
(63, 10, 6, '2020-02-20 10:39:07', '2020-02-20 10:39:07'),
(64, 10, 7, '2020-02-20 10:39:07', '2020-02-20 10:39:07'),
(65, 10, 8, '2020-02-20 10:39:07', '2020-02-20 10:39:07'),
(66, 10, 9, '2020-02-20 10:39:07', '2020-02-20 10:39:07'),
(67, 10, 10, '2020-02-20 10:39:07', '2020-02-20 10:39:07'),
(116, 1, 1, '2020-02-20 11:18:23', '2020-02-20 11:18:23'),
(117, 1, 2, '2020-02-20 11:18:24', '2020-02-20 11:18:24'),
(118, 1, 3, '2020-02-20 11:18:24', '2020-02-20 11:18:24'),
(119, 1, 4, '2020-02-20 11:18:24', '2020-02-20 11:18:24'),
(120, 1, 5, '2020-02-20 11:18:24', '2020-02-20 11:18:24'),
(121, 1, 6, '2020-02-20 11:18:24', '2020-02-20 11:18:24'),
(122, 1, 7, '2020-02-20 11:18:24', '2020-02-20 11:18:24'),
(123, 1, 8, '2020-02-20 11:18:24', '2020-02-20 11:18:24'),
(124, 1, 9, '2020-02-20 11:18:24', '2020-02-20 11:18:24'),
(125, 1, 10, '2020-02-20 11:18:24', '2020-02-20 11:18:24'),
(126, 3, 1, '2020-02-20 11:21:03', '2020-02-20 11:21:03'),
(127, 3, 2, '2020-02-20 11:21:03', '2020-02-20 11:21:03'),
(128, 3, 3, '2020-02-20 11:21:03', '2020-02-20 11:21:03'),
(129, 3, 4, '2020-02-20 11:21:03', '2020-02-20 11:21:03'),
(130, 3, 5, '2020-02-20 11:21:03', '2020-02-20 11:21:03'),
(131, 3, 6, '2020-02-20 11:21:03', '2020-02-20 11:21:03'),
(132, 3, 7, '2020-02-20 11:21:03', '2020-02-20 11:21:03'),
(133, 3, 8, '2020-02-20 11:21:03', '2020-02-20 11:21:03'),
(134, 3, 9, '2020-02-20 11:21:03', '2020-02-20 11:21:03'),
(135, 3, 10, '2020-02-20 11:21:03', '2020-02-20 11:21:03'),
(136, 9, 1, '2020-02-20 11:21:09', '2020-02-20 11:21:09'),
(137, 9, 2, '2020-02-20 11:21:09', '2020-02-20 11:21:09'),
(138, 9, 3, '2020-02-20 11:21:09', '2020-02-20 11:21:09'),
(139, 9, 4, '2020-02-20 11:21:09', '2020-02-20 11:21:09'),
(140, 9, 5, '2020-02-20 11:21:09', '2020-02-20 11:21:09'),
(141, 9, 6, '2020-02-20 11:21:09', '2020-02-20 11:21:09'),
(142, 9, 7, '2020-02-20 11:21:09', '2020-02-20 11:21:09'),
(143, 9, 8, '2020-02-20 11:21:09', '2020-02-20 11:21:09'),
(144, 9, 9, '2020-02-20 11:21:09', '2020-02-20 11:21:09'),
(145, 9, 10, '2020-02-20 11:21:09', '2020-02-20 11:21:09'),
(146, 7, 1, '2020-02-20 11:21:18', '2020-02-20 11:21:18'),
(147, 7, 2, '2020-02-20 11:21:18', '2020-02-20 11:21:18'),
(148, 7, 3, '2020-02-20 11:21:18', '2020-02-20 11:21:18'),
(149, 7, 4, '2020-02-20 11:21:18', '2020-02-20 11:21:18'),
(150, 7, 5, '2020-02-20 11:21:18', '2020-02-20 11:21:18'),
(151, 7, 6, '2020-02-20 11:21:18', '2020-02-20 11:21:18'),
(152, 7, 7, '2020-02-20 11:21:18', '2020-02-20 11:21:18'),
(153, 7, 8, '2020-02-20 11:21:18', '2020-02-20 11:21:18'),
(154, 7, 9, '2020-02-20 11:21:18', '2020-02-20 11:21:18'),
(155, 7, 10, '2020-02-20 11:21:18', '2020-02-20 11:21:18'),
(156, 6, 5, '2020-02-20 11:21:26', '2020-02-20 11:21:26'),
(157, 6, 9, '2020-02-20 11:21:26', '2020-02-20 11:21:26'),
(158, 5, 6, '2020-02-20 11:21:31', '2020-02-20 11:21:31'),
(159, 5, 10, '2020-02-20 11:21:31', '2020-02-20 11:21:31'),
(160, 4, 6, '2020-02-20 11:21:36', '2020-02-20 11:21:36'),
(161, 4, 10, '2020-02-20 11:21:36', '2020-02-20 11:21:36'),
(162, 11, 1, '2020-02-24 08:54:51', '2020-02-24 08:54:51'),
(163, 11, 2, '2020-02-24 08:54:51', '2020-02-24 08:54:51'),
(164, 11, 3, '2020-02-24 08:54:51', '2020-02-24 08:54:51'),
(165, 11, 4, '2020-02-24 08:54:51', '2020-02-24 08:54:51'),
(166, 11, 5, '2020-02-24 08:54:51', '2020-02-24 08:54:51'),
(167, 11, 6, '2020-02-24 08:54:52', '2020-02-24 08:54:52'),
(168, 11, 7, '2020-02-24 08:54:52', '2020-02-24 08:54:52'),
(169, 11, 8, '2020-02-24 08:54:52', '2020-02-24 08:54:52'),
(170, 11, 9, '2020-02-24 08:54:52', '2020-02-24 08:54:52'),
(171, 11, 10, '2020-02-24 08:54:52', '2020-02-24 08:54:52'),
(212, 12, 1, '2020-02-24 09:12:40', '2020-02-24 09:12:40'),
(213, 12, 2, '2020-02-24 09:12:40', '2020-02-24 09:12:40'),
(214, 12, 3, '2020-02-24 09:12:40', '2020-02-24 09:12:40'),
(215, 12, 4, '2020-02-24 09:12:40', '2020-02-24 09:12:40'),
(216, 12, 5, '2020-02-24 09:12:40', '2020-02-24 09:12:40'),
(217, 12, 6, '2020-02-24 09:12:40', '2020-02-24 09:12:40'),
(218, 12, 7, '2020-02-24 09:12:40', '2020-02-24 09:12:40'),
(219, 12, 8, '2020-02-24 09:12:40', '2020-02-24 09:12:40'),
(220, 12, 9, '2020-02-24 09:12:40', '2020-02-24 09:12:40'),
(221, 12, 10, '2020-02-24 09:12:40', '2020-02-24 09:12:40');

-- --------------------------------------------------------

--
-- Table structure for table `ads`
--

CREATE TABLE `ads` (
  `id` int(10) UNSIGNED NOT NULL,
  `image` varchar(300) COLLATE utf8mb4_unicode_ci NOT NULL,
  `type` varchar(20) COLLATE utf8mb4_unicode_ci DEFAULT NULL,
  `content` text COLLATE utf8mb4_unicode_ci NOT NULL,
  `place` int(11) DEFAULT NULL,
  `created_at` timestamp NULL DEFAULT NULL,
  `updated_at` timestamp NULL DEFAULT NULL
) ENGINE=InnoDB DEFAULT CHARSET=utf8mb4 COLLATE=utf8mb4_unicode_ci;

--
-- Dumping data for table `ads`
--

INSERT INTO `ads` (`id`, `image`, `type`, `content`, `place`, `created_at`, `updated_at`) VALUES
(3, 'k31jqrwbk4nkm13cheyo.jpg', NULL, 'https://www.google.com/', NULL, '2020-02-17 09:20:24', '2020-02-17 09:20:24');

-- --------------------------------------------------------

--
-- Table structure for table `categories`
--

CREATE TABLE `categories` (
  `id` int(10) UNSIGNED NOT NULL,
  `image` varchar(300) COLLATE utf8mb4_unicode_ci NOT NULL,
  `title_en` varchar(200) COLLATE utf8mb4_unicode_ci NOT NULL,
  `title_ar` varchar(200) COLLATE utf8mb4_unicode_ci NOT NULL,
  `deleted` tinyint(1) NOT NULL DEFAULT '0',
  `created_at` timestamp NULL DEFAULT NULL,
  `updated_at` timestamp NULL DEFAULT NULL
) ENGINE=InnoDB DEFAULT CHARSET=utf8mb4 COLLATE=utf8mb4_unicode_ci;

--
-- Dumping data for table `categories`
--

INSERT INTO `categories` (`id`, `image`, `title_en`, `title_ar`, `deleted`, `created_at`, `updated_at`) VALUES
(1, 'wsykvrlka88nrebnrtw1.jpg', 'category en', 'category ar', 0, NULL, NULL),
(2, 'plhpqidf3yokaoejyuri.jpg', 'test title22', 'arabic title3', 0, '2020-02-17 10:22:19', '2020-02-17 10:41:16'),
(3, 'f9o8glxaipqpcgoyfmnn.jpg', 'nnnn', 'nnnn', 1, '2020-02-18 12:34:41', '2020-02-26 16:00:11');

-- --------------------------------------------------------

--
-- Table structure for table `contact_us`
--

CREATE TABLE `contact_us` (
  `id` int(10) UNSIGNED NOT NULL,
  `phone` varchar(50) COLLATE utf8mb4_unicode_ci NOT NULL,
  `message` text COLLATE utf8mb4_unicode_ci NOT NULL,
  `seen` tinyint(1) NOT NULL DEFAULT '0',
  `created_at` timestamp NULL DEFAULT NULL,
  `updated_at` timestamp NULL DEFAULT NULL
) ENGINE=InnoDB DEFAULT CHARSET=utf8mb4 COLLATE=utf8mb4_unicode_ci;

--
-- Dumping data for table `contact_us`
--

INSERT INTO `contact_us` (`id`, `phone`, `message`, `seen`, `created_at`, `updated_at`) VALUES
(1, '+201090751347', 'test body message', 0, '2020-02-17 12:59:08', '2020-02-26 13:11:50'),
(2, '+201090751347', 'test', 0, '2020-03-22 05:50:40', '2020-03-22 05:50:40');

-- --------------------------------------------------------

--
-- Table structure for table `failed_jobs`
--

CREATE TABLE `failed_jobs` (
  `id` bigint(20) UNSIGNED NOT NULL,
  `connection` text COLLATE utf8mb4_unicode_ci NOT NULL,
  `queue` text COLLATE utf8mb4_unicode_ci NOT NULL,
  `payload` longtext COLLATE utf8mb4_unicode_ci NOT NULL,
  `exception` longtext COLLATE utf8mb4_unicode_ci NOT NULL,
  `failed_at` timestamp NOT NULL DEFAULT CURRENT_TIMESTAMP
) ENGINE=InnoDB DEFAULT CHARSET=utf8mb4 COLLATE=utf8mb4_unicode_ci;

-- --------------------------------------------------------

--
-- Table structure for table `meta_tags`
--

CREATE TABLE `meta_tags` (
  `id` int(11) NOT NULL,
  `home_meta_en` text,
  `home_meta_ar` text,
  `created_at` timestamp NULL DEFAULT NULL,
  `updated_at` timestamp NULL DEFAULT NULL
) ENGINE=InnoDB DEFAULT CHARSET=ucs2;

--
-- Dumping data for table `meta_tags`
--

INSERT INTO `meta_tags` (`id`, `home_meta_en`, `home_meta_ar`, `created_at`, `updated_at`) VALUES
(1, 'test meta tag english22', 'ميتا تاج عربي1', '2020-02-18 12:45:58', '2020-02-18 10:46:21');

-- --------------------------------------------------------

--
-- Table structure for table `migrations`
--

CREATE TABLE `migrations` (
  `id` int(10) UNSIGNED NOT NULL,
  `migration` varchar(255) COLLATE utf8mb4_unicode_ci NOT NULL,
  `batch` int(11) NOT NULL
) ENGINE=InnoDB DEFAULT CHARSET=utf8mb4 COLLATE=utf8mb4_unicode_ci;

--
-- Dumping data for table `migrations`
--

INSERT INTO `migrations` (`id`, `migration`, `batch`) VALUES
(216, '2014_10_12_000000_create_users_table', 1),
(217, '2014_10_12_100000_create_password_resets_table', 1),
(218, '2019_08_19_000000_create_failed_jobs_table', 1),
(219, '2020_01_22_160948_create_ads_table', 1),
(220, '2020_01_23_102549_create_categories_table', 1),
(221, '2020_01_23_114523_create_settings_table', 1),
(222, '2020_01_23_122840_create_contact_us_table', 1),
(223, '2020_01_27_153233_create_doctors_lawyers_table', 1),
(224, '2020_01_28_090727_create_favorites_table', 1),
(225, '2020_01_28_120020_create_rates_table', 1),
(226, '2020_01_28_121824_create_reservations_table', 1),
(227, '2020_01_29_121840_create_services_table', 1),
(228, '2020_01_29_122258_create_doctor_lawyer_services_table', 1),
(229, '2020_01_29_122545_create_place_images_table', 1),
(230, '2020_01_29_123248_create_holidays_table', 1),
(231, '2020_01_29_124130_create_times_of_works_table', 1);

-- --------------------------------------------------------

--
-- Table structure for table `notifications`
--

CREATE TABLE `notifications` (
  `id` int(11) NOT NULL,
  `title` varchar(255) NOT NULL,
  `body` text NOT NULL,
  `image` varchar(255) DEFAULT NULL,
  `created_at` timestamp NULL DEFAULT NULL,
  `updated_at` timestamp NULL DEFAULT NULL
) ENGINE=InnoDB DEFAULT CHARSET=ucs2;

--
-- Dumping data for table `notifications`
--

INSERT INTO `notifications` (`id`, `title`, `body`, `image`, `created_at`, `updated_at`) VALUES
(1, 'Notification Title', 'Notification Boooody', 'plhpqidf3yokaoejyuri.jpg', '2020-02-17 14:38:50', '2020-02-17 14:38:50'),
(5, 'fdssdf', 'dsffds', NULL, '2020-02-18 07:53:57', '2020-02-18 07:53:57'),
(6, 'fdssdf', 'dsffds', NULL, '2020-02-18 07:54:29', '2020-02-18 07:54:29'),
(7, 'fdssdf', 'dsffds', NULL, '2020-02-18 07:55:28', '2020-02-18 07:55:28'),
(8, 'dg', 'dg', NULL, '2020-02-18 07:56:19', '2020-02-18 07:56:19'),
(9, 'fdsafds', 'fdsfds', NULL, '2020-02-18 07:59:14', '2020-02-18 07:59:14'),
(10, 'testy', 'test body', NULL, '2020-02-18 08:04:13', '2020-02-18 08:04:13'),
(11, 'test', 'test', NULL, '2020-02-18 08:06:42', '2020-02-18 08:06:42'),
(12, 'test title', 'test body', NULL, '2020-02-18 08:20:55', '2020-02-18 08:20:55'),
(13, 'test title', 'test body', NULL, '2020-02-18 08:34:20', '2020-02-18 08:34:20'),
(14, 'test title', 'test body', NULL, '2020-02-18 08:35:09', '2020-02-18 08:35:09'),
(15, 'test title', 'test body', NULL, '2020-02-18 08:36:22', '2020-02-18 08:36:22'),
(16, 'test title', 'test body', NULL, '2020-02-18 08:36:54', '2020-02-18 08:36:54'),
(17, 'dsfds', 'dsfdsf', NULL, '2020-02-18 08:37:54', '2020-02-18 08:37:54'),
(18, 'dsfds', 'dsfdsf', NULL, '2020-02-18 08:38:16', '2020-02-18 08:38:16'),
(19, 'fdsfdsfds', 'fdsfdsfds', NULL, '2020-02-18 08:38:30', '2020-02-18 08:38:30'),
(20, 'fdsfdsfds', 'fdsfdsfds', NULL, '2020-02-18 08:54:51', '2020-02-18 08:54:51'),
(21, 'fdsfdsfds', 'fdsfdsfds', NULL, '2020-02-18 08:55:30', '2020-02-18 08:55:30'),
(22, 'fdsfdsfds', 'fdsfdsfds', NULL, '2020-02-18 08:56:04', '2020-02-18 08:56:04'),
(23, 'test', 'test', 'fq6jmy7et4peztea3l8b.jpg', '2020-02-18 09:00:34', '2020-02-18 09:00:34'),
(24, 'test15', 'test', 'ai3t1cmrm9u1rgvhaz0u.jpg', '2020-02-18 09:01:07', '2020-02-18 09:01:07');

-- --------------------------------------------------------

--
-- Table structure for table `password_resets`
--

CREATE TABLE `password_resets` (
  `email` varchar(255) COLLATE utf8mb4_unicode_ci NOT NULL,
  `token` varchar(255) COLLATE utf8mb4_unicode_ci NOT NULL,
  `created_at` timestamp NULL DEFAULT NULL
) ENGINE=InnoDB DEFAULT CHARSET=utf8mb4 COLLATE=utf8mb4_unicode_ci;

-- --------------------------------------------------------

--
-- Table structure for table `permissions`
--

CREATE TABLE `permissions` (
  `id` int(11) NOT NULL,
  `permission_ar` varchar(255) NOT NULL,
  `permission_en` varchar(255) NOT NULL,
  `created_at` timestamp NULL DEFAULT NULL,
  `updated_at` timestamp NULL DEFAULT NULL
) ENGINE=InnoDB DEFAULT CHARSET=ucs2;

--
-- Dumping data for table `permissions`
--

INSERT INTO `permissions` (`id`, `permission_ar`, `permission_en`, `created_at`, `updated_at`) VALUES
(1, 'المستخدمين', 'Users', '2020-02-19 14:04:33', '2020-02-19 14:04:33'),
(2, 'صفحات التطبيق', 'App Pages', '2020-02-19 14:05:13', '2020-02-19 14:05:13'),
(3, 'الإعلانات', 'Ads', '2020-02-19 14:06:10', '2020-02-19 14:06:10'),
(4, 'الأقسام', 'Categories', '2020-02-19 14:06:44', '2020-02-19 14:06:44'),
(5, 'إتصل بنا', 'Contact Us', '2020-02-19 14:07:10', '2020-02-19 14:07:10'),
(6, 'التبيهات', 'Notifications', '2020-02-19 14:07:55', '2020-02-19 14:07:55'),
(7, 'الإعدادات', 'Settings', '2020-02-19 14:08:34', '2020-02-19 14:08:34'),
(8, 'وسوم البحث', 'Meta Tags', '2020-02-19 14:09:06', '2020-02-19 14:09:06'),
(9, 'المديرين', 'Managers', '2020-02-19 14:09:59', '2020-02-19 14:09:59'),
(10, 'تنزيل النسخة الإحتياطية', 'Database Backup', '2020-02-19 14:10:21', '2020-02-19 14:10:21');

-- --------------------------------------------------------

--
-- Table structure for table `rates`
--

CREATE TABLE `rates` (
  `id` int(11) NOT NULL,
  `user_id` int(11) NOT NULL,
  `text` varchar(255) NOT NULL,
  `rate` int(11) NOT NULL,
  `admin_approval` tinyint(1) NOT NULL DEFAULT '0',
  `order_id` int(11) NOT NULL,
  `created_at` timestamp NULL DEFAULT NULL,
  `updated_at` timestamp NULL DEFAULT NULL
) ENGINE=InnoDB DEFAULT CHARSET=utf8;

--
-- Dumping data for table `rates`
--

INSERT INTO `rates` (`id`, `user_id`, `text`, `rate`, `admin_approval`, `order_id`, `created_at`, `updated_at`) VALUES
(1, 17, 'test', 3, 1, 1, '2020-03-22 06:19:48', '2020-03-22 06:19:48');

-- --------------------------------------------------------

--
-- Table structure for table `settings`
--

CREATE TABLE `settings` (
  `id` int(10) UNSIGNED NOT NULL,
  `app_phone` varchar(30) COLLATE utf8mb4_unicode_ci NOT NULL,
  `termsandconditions_en` text COLLATE utf8mb4_unicode_ci NOT NULL,
  `termsandconditions_ar` text COLLATE utf8mb4_unicode_ci NOT NULL,
  `aboutapp_en` text COLLATE utf8mb4_unicode_ci NOT NULL,
  `aboutapp_ar` text COLLATE utf8mb4_unicode_ci NOT NULL,
  `created_at` timestamp NULL DEFAULT NULL,
  `updated_at` timestamp NULL DEFAULT NULL,
  `app_name_en` varchar(255) COLLATE utf8mb4_unicode_ci DEFAULT NULL,
  `app_name_ar` varchar(255) COLLATE utf8mb4_unicode_ci DEFAULT NULL,
  `logo` varchar(350) COLLATE utf8mb4_unicode_ci NOT NULL,
  `email` varchar(255) COLLATE utf8mb4_unicode_ci DEFAULT NULL,
  `phone` varchar(100) COLLATE utf8mb4_unicode_ci DEFAULT NULL,
  `address_en` varchar(255) COLLATE utf8mb4_unicode_ci DEFAULT NULL,
  `address_ar` varchar(255) COLLATE utf8mb4_unicode_ci DEFAULT NULL,
  `facebook` text COLLATE utf8mb4_unicode_ci,
  `youtube` text COLLATE utf8mb4_unicode_ci,
  `twitter` text COLLATE utf8mb4_unicode_ci,
  `instegram` text COLLATE utf8mb4_unicode_ci,
  `map_url` text COLLATE utf8mb4_unicode_ci,
  `latitude` varchar(255) COLLATE utf8mb4_unicode_ci DEFAULT NULL,
  `longitude` varchar(255) COLLATE utf8mb4_unicode_ci DEFAULT NULL,
  `snap_chat` text COLLATE utf8mb4_unicode_ci
) ENGINE=InnoDB DEFAULT CHARSET=utf8mb4 COLLATE=utf8mb4_unicode_ci;

--
-- Dumping data for table `settings`
--

INSERT INTO `settings` (`id`, `app_phone`, `termsandconditions_en`, `termsandconditions_ar`, `aboutapp_en`, `aboutapp_ar`, `created_at`, `updated_at`, `app_name_en`, `app_name_ar`, `logo`, `email`, `phone`, `address_en`, `address_ar`, `facebook`, `youtube`, `twitter`, `instegram`, `map_url`, `latitude`, `longitude`, `snap_chat`) VALUES
(1, '+201090751347', '<p>jadsjhgdsa</p>\r\n\r\n<p>sad</p>\r\n\r\n<p>dsa</p>\r\n\r\n<p>dsa</p>\r\n\r\n<p>dsa</p>\r\n\r\n<p>dsa</p>\r\n\r\n<p>dsa</p>', '<p style=\"text-align:right\">ايسششبيستايسش</p>\r\n\r\n<p style=\"text-align:right\">شسي</p>\r\n\r\n<p style=\"text-align:right\">يسش</p>\r\n\r\n<p style=\"text-align:right\">يسش</p>\r\n\r\n<p style=\"text-align:right\">&nbsp;</p>', '<p>asddsasaddsadsaddsa v</p>\r\n\r\n<p>ds</p>\r\n\r\n<p>fds</p>\r\n\r\n<p>dfs</p>\r\n\r\n<p>fds</p>\r\n\r\n<p>dsf</p>', '<p style=\"text-align:right\">تلسشيبال يسباهعيسبع</p>\r\n\r\n<p style=\"text-align:right\">&nbsp;</p>\r\n\r\n<p style=\"text-align:right\">ثصمبنتتصثب</p>\r\n\r\n<p style=\"text-align:right\">بنتثبنتىا</p>', '2020-02-05 09:15:45', '2020-03-08 06:25:40', 'Med&Law', 'ميد اند لوو', 'qtvnv8ayj9lxmpsnw1hy.png', 'medandlaw@gmail.com', '+201090751347', 'Kuwait', 'كويت', 'facebook.com', 'youtube.com', 'twitter.com', 'instegram.com', 'https://www.google.com/maps/@30.0430715,31.4056989,16z', '30.0430715', '31.4056989', 'snapchat.com');

-- --------------------------------------------------------

--
-- Table structure for table `users`
--

CREATE TABLE `users` (
  `id` int(10) UNSIGNED NOT NULL,
  `name` varchar(255) COLLATE utf8mb4_unicode_ci NOT NULL,
  `phone` varchar(255) COLLATE utf8mb4_unicode_ci NOT NULL,
  `email` varchar(255) COLLATE utf8mb4_unicode_ci NOT NULL,
  `phone_verified_at` timestamp NULL DEFAULT NULL,
  `password` varchar(255) COLLATE utf8mb4_unicode_ci NOT NULL,
  `fcm_token` varchar(255) COLLATE utf8mb4_unicode_ci DEFAULT NULL,
  `verified` tinyint(1) NOT NULL DEFAULT '1',
  `remember_token` varchar(100) COLLATE utf8mb4_unicode_ci DEFAULT NULL,
  `created_at` timestamp NULL DEFAULT NULL,
  `updated_at` timestamp NULL DEFAULT NULL,
  `active` tinyint(1) DEFAULT '1',
  `seen` tinyint(1) DEFAULT '0'
) ENGINE=InnoDB DEFAULT CHARSET=utf8mb4 COLLATE=utf8mb4_unicode_ci;

--
-- Dumping data for table `users`
--

INSERT INTO `users` (`id`, `name`, `phone`, `email`, `phone_verified_at`, `password`, `fcm_token`, `verified`, `remember_token`, `created_at`, `updated_at`, `active`, `seen`) VALUES
(1, 'mohamed', '+201090751344', 'mohamedbehie@gmail.com', NULL, '$2y$10$u669r76OihgqNPx5BFVjUO360NUS.elP.x0g3FFGqBiotkXKD62SO', 'test fcm token', 1, NULL, '2020-02-06 06:20:35', '2020-02-06 06:43:06', 1, 0),
(2, 'mohamed', '+20109075134', 'mohamedbehie1@gmail.com', NULL, '$2y$10$0rMMj9DAGBFLAUlE1D4s2e9rK3iOcTibaTui2bkLMlhTJ4i0YAMkC', 'test', 1, NULL, '2020-02-06 06:21:56', '2020-02-06 06:21:56', 1, 0),
(3, 'mohamed', '+20109075114', 'mohamedbehie12@gmail.com', NULL, '$2y$10$1Jd32sOBih10OHxgowMiMeBk94fz9YJSIPQ.KTP/zaqtOWTh450IO', 'test', 1, NULL, '2020-02-06 06:25:17', '2020-02-06 06:25:17', 1, 0),
(4, 'mohamed', '+20109075124', 'mohamedbehie112@gmail.com', NULL, '$2y$10$gT9ttYsKKYW63N6mAqDYAeGpQLzlO1rvoLZtNl2R0BFmd6natiPIm', 'test', 1, NULL, '2020-02-06 06:27:50', '2020-02-24 11:37:25', 1, 0),
(5, 'mohamed', '+20109075127', 'mohamedbehie3@gmail.com', NULL, '$2y$10$bYsDCR3kviyRrNKjmCHEIuYVLqWFNqBp9zweObW5Kl9SOcnqiDAMm', 'test', 1, NULL, '2020-02-06 06:29:00', '2020-02-26 13:25:11', 1, 1),
(6, 'mohamed', '+20109075128', 'mohamedbehie34@gmail.com', NULL, '$2y$10$3DAJpqLnNqRuOMp2MGo/XuO4JTH1piGww3wFa51zdN.U6H77uar7K', 'test', 1, NULL, '2020-02-06 06:33:01', '2020-02-06 06:33:01', 1, 0),
(7, 'mohamed', '+201090751285', 'mohamedbehie314@gmail.com', NULL, '$2y$10$dIfZeLaAmBpF/8lVM2tmMOvcf.AMfCFPolZCngQmeSkgJQPiE5a.a', 'test fcm token', 1, NULL, '2020-02-06 06:48:15', '2020-02-26 13:25:20', 0, 1),
(8, 'mohamed', '+2010907512844', 'mohamedbehie3214@gmail.com', NULL, '$2y$10$XhCUw3BAMdI93Uf9ZkV5POQYBtA76rJV2Is4/CMTi9AQu9thv5buK', 'test', 1, NULL, '2020-02-06 06:52:28', '2020-02-06 06:52:28', 1, 0),
(9, 'mohamed', '+2010907512644', 'mohamedbehie30114@gmail.com', NULL, '$2y$10$GMzin8X9RdygVlqnzdiUW.q5wwLWyeEu/bA5sXdFQxNQF1BFv3l/O', 'test fcm token', 1, NULL, '2020-02-06 06:54:03', '2020-02-26 13:24:50', 1, 1),
(10, 'mohamed', '+2010807512644', 'mohamedbehie30614@gmail.com', NULL, '$2y$10$sjHsH28sTozrH6k9gVwq5eX2EYPMVWaTNaDoRYY1PL2FJFSrFnAKa', 'test fcm token', 1, NULL, '2020-02-06 07:05:08', '2020-02-06 07:07:07', 1, 0),
(11, 'mohamed', '+20108075126414', 'mohamedbehie3064@gmail.com', NULL, '$2y$10$C3Cj9oGvQMzc4tyGgkZa9.4nsoTSVjt7bBvNl21f8d2BkBUwo2O8C', 'test', 1, NULL, '2020-02-06 07:52:06', '2020-02-24 11:37:34', 0, 0),
(12, 'Test User', '+147258', 'email@emial.com', NULL, '$2y$10$nJqB.dNSnnhwBhvI9MiAEebblBAfZVUtfQ8PgNo2GoGoBzXafqs7O', NULL, 1, NULL, '2020-02-13 09:03:17', '2020-02-13 09:03:17', 1, 0),
(13, '23Test User', '+201090751347', 'teest2@gmail.com', NULL, '$2y$10$IngJZbRKneVa63cX4yA3MuVs9AHHyIfbkSFUbRuCg27ht0iBY0a3y', NULL, 1, NULL, '2020-02-16 07:36:36', '2020-03-22 05:23:08', 1, 0),
(14, '2test u', '+20123456123', 'test@test.com', NULL, '$2y$10$UrVHgj1xs8E2fNW6JHQjtegEh5uM0UYKwMvRUt.g.BRLH5/.9tDfm', NULL, 1, NULL, '2020-02-16 08:59:53', '2020-02-26 13:11:39', 1, 1),
(15, 'Mohamed Behiery', '+56985698', 'mohatest@gmail.com', NULL, '$2y$10$02trl9OZeq82fugy0dgj/uJ6uwRGnfkyw4uckKPOUpdEiKImhEHaW', NULL, 1, NULL, '2020-02-24 11:38:46', '2020-02-26 12:59:03', 1, 1),
(16, 'Mohamed Edit', '+20104567893', 'Mohamed231@mohamed.com', NULL, '$2y$10$oSeWKGhSHR78vrOSJotReOPcz/IukxqZCgwdrH8juJ9Jb2Un3/jr2', 'test', 1, NULL, '2020-03-22 04:59:39', '2020-03-22 05:34:28', 1, 0),
(17, 'Mohamed Behiery', '+20101234567211', 'mohamed1244@moa14med.com', NULL, '$2y$10$8S0GZp1PnlpkWTfzAm0e7.eHsEgIOKosiPwKNA3OgHJZMVX56UrjC', 'test', 1, NULL, '2020-03-22 06:07:14', '2020-03-22 06:07:14', 1, 0),
(18, 'Mahmoud Alam', '+201110837797', 'mahmoudalam1973@yahoo.co.uk', NULL, '$2y$10$K36s4ilAgD5rs/j74L4rku82cKcAPH8YlULxwWt5GJdby.Qd6jEb.', 'eDf3eg4MQ5-dYo0PaiG9_E:APA91bFIGSMpuLsCJv_Slur1p0KhJKBwUhF0N_L8GjN8lqtSw_0ZzVN2fFIBaOERcw6k1rn60wGjxT_48-aDnDUN0cbm2eNt_S57wRvET5qaO9aODrc5e_yF6dNxspMyJ46u_qTsIubw', 1, NULL, '2020-03-30 05:51:35', '2020-03-30 08:01:12', 1, 1);

-- --------------------------------------------------------

--
-- Table structure for table `user_notifications`
--

CREATE TABLE `user_notifications` (
  `id` int(11) NOT NULL,
  `user_id` int(11) NOT NULL,
  `notification_id` int(11) NOT NULL,
  `created_at` timestamp NULL DEFAULT NULL,
  `updated_at` timestamp NULL DEFAULT NULL
) ENGINE=InnoDB DEFAULT CHARSET=utf8;

--
-- Indexes for dumped tables
--

--
-- Indexes for table `admins`
--
ALTER TABLE `admins`
  ADD PRIMARY KEY (`id`);

--
-- Indexes for table `admin_permissions`
--
ALTER TABLE `admin_permissions`
  ADD PRIMARY KEY (`id`);

--
-- Indexes for table `ads`
--
ALTER TABLE `ads`
  ADD PRIMARY KEY (`id`);

--
-- Indexes for table `categories`
--
ALTER TABLE `categories`
  ADD PRIMARY KEY (`id`);

--
-- Indexes for table `contact_us`
--
ALTER TABLE `contact_us`
  ADD PRIMARY KEY (`id`);

--
-- Indexes for table `failed_jobs`
--
ALTER TABLE `failed_jobs`
  ADD PRIMARY KEY (`id`);

--
-- Indexes for table `meta_tags`
--
ALTER TABLE `meta_tags`
  ADD PRIMARY KEY (`id`);

--
-- Indexes for table `migrations`
--
ALTER TABLE `migrations`
  ADD PRIMARY KEY (`id`);

--
-- Indexes for table `notifications`
--
ALTER TABLE `notifications`
  ADD PRIMARY KEY (`id`);

--
-- Indexes for table `password_resets`
--
ALTER TABLE `password_resets`
  ADD KEY `password_resets_email_index` (`email`(191));

--
-- Indexes for table `permissions`
--
ALTER TABLE `permissions`
  ADD PRIMARY KEY (`id`);

--
-- Indexes for table `rates`
--
ALTER TABLE `rates`
  ADD PRIMARY KEY (`id`);

--
-- Indexes for table `settings`
--
ALTER TABLE `settings`
  ADD PRIMARY KEY (`id`);

--
-- Indexes for table `users`
--
ALTER TABLE `users`
  ADD PRIMARY KEY (`id`);

--
-- Indexes for table `user_notifications`
--
ALTER TABLE `user_notifications`
  ADD PRIMARY KEY (`id`);

--
-- AUTO_INCREMENT for dumped tables
--

--
-- AUTO_INCREMENT for table `admins`
--
ALTER TABLE `admins`
  MODIFY `id` int(11) NOT NULL AUTO_INCREMENT, AUTO_INCREMENT=13;

--
-- AUTO_INCREMENT for table `admin_permissions`
--
ALTER TABLE `admin_permissions`
  MODIFY `id` int(11) NOT NULL AUTO_INCREMENT, AUTO_INCREMENT=222;

--
-- AUTO_INCREMENT for table `ads`
--
ALTER TABLE `ads`
  MODIFY `id` int(10) UNSIGNED NOT NULL AUTO_INCREMENT, AUTO_INCREMENT=4;

--
-- AUTO_INCREMENT for table `categories`
--
ALTER TABLE `categories`
  MODIFY `id` int(10) UNSIGNED NOT NULL AUTO_INCREMENT, AUTO_INCREMENT=4;

--
-- AUTO_INCREMENT for table `contact_us`
--
ALTER TABLE `contact_us`
  MODIFY `id` int(10) UNSIGNED NOT NULL AUTO_INCREMENT, AUTO_INCREMENT=3;

--
-- AUTO_INCREMENT for table `meta_tags`
--
ALTER TABLE `meta_tags`
  MODIFY `id` int(11) NOT NULL AUTO_INCREMENT, AUTO_INCREMENT=2;

--
-- AUTO_INCREMENT for table `notifications`
--
ALTER TABLE `notifications`
  MODIFY `id` int(11) NOT NULL AUTO_INCREMENT, AUTO_INCREMENT=25;

--
-- AUTO_INCREMENT for table `permissions`
--
ALTER TABLE `permissions`
  MODIFY `id` int(11) NOT NULL AUTO_INCREMENT, AUTO_INCREMENT=11;

--
-- AUTO_INCREMENT for table `rates`
--
ALTER TABLE `rates`
  MODIFY `id` int(11) NOT NULL AUTO_INCREMENT, AUTO_INCREMENT=2;

--
-- AUTO_INCREMENT for table `settings`
--
ALTER TABLE `settings`
  MODIFY `id` int(10) UNSIGNED NOT NULL AUTO_INCREMENT, AUTO_INCREMENT=2;

--
-- AUTO_INCREMENT for table `users`
--
ALTER TABLE `users`
  MODIFY `id` int(10) UNSIGNED NOT NULL AUTO_INCREMENT, AUTO_INCREMENT=19;

--
-- AUTO_INCREMENT for table `user_notifications`
--
ALTER TABLE `user_notifications`
  MODIFY `id` int(11) NOT NULL AUTO_INCREMENT;
COMMIT;

/*!40101 SET CHARACTER_SET_CLIENT=@OLD_CHARACTER_SET_CLIENT */;
/*!40101 SET CHARACTER_SET_RESULTS=@OLD_CHARACTER_SET_RESULTS */;
/*!40101 SET COLLATION_CONNECTION=@OLD_COLLATION_CONNECTION */;
